<?xml version="1.0" encoding="UTF-8"?>
<image-map>
  <!--Attention: img_type_name must NOT be duplicated! -->
  <!--brom_fomrat please follow Flashtool_handle.h to fill-->
  <!--brom_format: NORMAL_ROM(1), SV5_BL_BIN(7), YAFFS_IMG(8)-->
  <!--eboot_format please follow android_dl_structure.h to fill-->
  <!--eboot_format: DM_IMG_FORMAT_FAT(0), DM_IMG_FORMAT_YAFFS2(1)-->
  <image type_name="PRELOADER" brom_format="7" eboot_format="0" img_type="300">
    <scatter>PRELOADER</scatter>
    <!-- section type_name in scatter-->
    <prefix>preloader</prefix>
    <!-- image type_name prefix in load-->
  </image>
  <image type_name="DSP_BL" brom_format="7" eboot_format="0" img_type="301">
    <scatter>DSP_BL</scatter>
    <!-- section type_name in scatter-->
    <prefix>DSP_BL</prefix>
    <!-- image type_name prefix in load-->
  </image>
  <image type_name="PRO_INFO" brom_format="1" eboot_format="0" img_type="302">
    <scatter>PRO_INFO</scatter>
    <!-- new img_type_name could be added by following Bootloaders-->
    <prefix>PRO_INFO</prefix>
  </image>
  <image type_name="MBR" brom_format="1" eboot_format="0" img_type="303">
    <scatter>MBR</scatter>
    <!-- new img_type_name could be added by following Bootloaders-->
    <prefix>MBR</prefix>
  </image>
  <image type_name="EBR1" brom_format="1" eboot_format="0" img_type="304">
    <scatter>EBR1</scatter>
    <!-- new img_type_name could be added by following Bootloaders-->
    <prefix>EBR1</prefix>
  </image>
  <image type_name="UBOOT" brom_format="1" eboot_format="0" img_type="5">
    <scatter>UBOOT</scatter>
    <prefix>uboot</prefix>
    <prefix>u-boot</prefix>
  </image>
  <image type_name="BOOTIMG" brom_format="1" eboot_format="0" img_type="1">
    <scatter>BOOTIMG</scatter>
    <scatter>BOOT</scatter>
    <prefix>boot</prefix>
  </image>
  <image type_name="RECOVERY" brom_format="1" eboot_format="0" img_type="4">
    <scatter>RECOVERY</scatter>
    <prefix>recovery</prefix>
  </image>
  <image type_name="SEC_RO" brom_format="8" eboot_format="1" img_type="7">
    <scatter>SEC_RO</scatter>
    <scatter>SECRO</scatter>
    <scatter>secstatic</scatter>
    <prefix>secro</prefix>
  </image>
  <image type_name="EBR2" brom_format="1" eboot_format="0" img_type="305">
    <scatter>EBR2</scatter>
    <!-- new img_type_name could be added by following Bootloaders-->
    <prefix>EBR2</prefix>
  </image>
  <image type_name="ANDROID" brom_format="8" eboot_format="1" img_type="2">
    <scatter>ANDROID</scatter>
    <scatter>SYSTEM</scatter>
    <scatter>system</scatter>
    <prefix>system</prefix>
  </image>
  <image type_name="LOGO" brom_format="1" eboot_format="0" img_type="0">
    <scatter>LOGO</scatter>
    <scatter>logo</scatter>
    <prefix>logo</prefix>
  </image>
  <image type_name="CACHE" brom_format="8" eboot_format="1" img_type="306">
    <scatter>CACHE</scatter>
    <prefix>cache</prefix>
  </image>
  <image type_name="USRDATA" brom_format="8" eboot_format="1" img_type="3">
    <scatter>USRDATA</scatter>
    <scatter>USERDATA</scatter>
    <scatter>data</scatter>
    <prefix>userdata</prefix>
  </image>
  <image type_name="FAT" brom_format="8" eboot_format="1" img_type="307">
    <scatter>FAT</scatter>
    <scatter>fat</scatter>
    <prefix>fat</prefix>
  </image>
  <image type_name="CUSTPACK1" brom_format="1" eboot_format="0" img_type="100">
    <scatter>CUSTPACK1</scatter>
    <scatter>CUSTPACK1_FAT</scatter>
    <prefix>custpack1</prefix>
  </image>
  <image type_name="CUSTPACK2" brom_format="8" eboot_format="1" img_type="101">
    <scatter>CUSTPACK2</scatter>
    <scatter>CUSTPACK2_YAFFS</scatter>
    <prefix>custpack2</prefix>
  </image>
  <image type_name="CUSTPACK3" brom_format="1" eboot_format="0" img_type="102">
    <scatter>CUSTPACK3</scatter>
    <scatter>CUSTPACK3_FAT</scatter>
    <prefix>custpack3</prefix>
  </image>
  <image type_name="CUSTPACK4" brom_format="8" eboot_format="1" img_type="103">
    <scatter>CUSTPACK4</scatter>
    <scatter>CUSTPACK4_YAFFS</scatter>
    <prefix>custpack4</prefix>
  </image>
</image-map>
